badge,name,price,size
BESTSELLER,Wood Sage & Sea Salt Cologne,$155.00 ,100ml
LIMITED EDITION,Silk Blossom Diffuser,$105.00 ,165ml
BESTSELLER,Lime Basil & Mandarin Scent Surround™ Diffuser,$105.00 ,165ml
BESTSELLER,English Pear & Freesia Cologne,$155.00 ,100ml
LIMITED EDITION,Osmanthus Blossom Cologne,$158.00 ,100ml
BESTSELLER,Vitamin E Lip Conditioner,$38.00 ,15ml
LIMITED EDITION,Nashi Blossom Cologne,$158.00 ,100ml
BESTSELLER,English Pear & Freesia Scent Surround™ Diffuser,$105.00 ,165ml
BESTSELLER,Peony & Blush Suede Cologne,$155.00 ,100ml
,English Pear & Freesia Hand Cream,$35.00 ,50ml
BESTSELLER,Nectarine Blossom & Honey Cologne,$155.00 ,100ml
BESTSELLER,English Pear & Freesia Body & Hand Wash ,$50.00 ,250ml
BESTSELLER,Wood Sage & Sea Salt Home Candle,$75.00 ,200g
,Nectarine Blossom & Honey Cologne,$80.00 ,30ml
LIMITED EDITION,Waterlily Cologne,$158.00 ,100ml
,Orange Blossom Cologne,$80.00 ,30ml
LIMITED EDITION,Star Magnolia Hair Mist,$56.00 ,30ml
BESTSELLER,English Pear & Freesia Cologne,$80.00 ,30ml
PERFECT PRESENT,Green Tomato Vine Townhouse Candle,$140.00 ,300g
BESTSELLER,Lime Basil & Mandarin Home Candle,$75.00 ,200g
,Wood Sage & Sea Salt Cologne,$110.00 ,50ml
BESTSELLER,Myrrh & Tonka Cologne Intense,$220.00 ,100ml
AWARD-WINNING,Lime Basil & Mandarin Body & Hand Lotion,$65.00 ,250ml
,Wood Sage & Sea Salt Body & Hand Wash,$50.00 ,250ml
,Wood Sage & Sea Salt Solid Scent Refill,$30.00 ,2.5g
,English Pear & Freesia Home Candle,$75.00 ,200g
BESTSELLER,Orange Blossom Cologne,$155.00 ,100ml
BESTSELLER,Lime Basil & Mandarin Cologne,$155.00 ,100ml
BESTSELLER,Pomegranate Noir Scent Surround™ Diffuser,$105.00 ,165ml
BESTSELLER,Peony & Blush Suede Cologne,$80.00 ,30ml
PERFECT PRESENT,Lilac Lavender & Lovage Townhouse Candle,$140.00 ,300g
,Red Roses Scent Surround™ Diffuser,$105.00 ,165ml
,English Pear & Freesia Body & Hand Lotion,$65.00 ,250ml
,Lavender & Moonflower Diffuser,$105.00 ,165ml
,Velvet Rose & Oud Solid Scent Refill,$30.00 ,2.5g
,Peony & Blush Suede Scent Surround™ Diffuser,$105.00 ,165ml
,Mimosa & Cardamom Cologne,$155.00 ,100ml
,Wild Bluebell Cologne,$155.00 ,100ml
,Vitamin E Hand Treatment,$65.00 ,100ml
,Peony & Blush Suede Hand Cream,$35.00 ,50ml
,Green Tomato Vine Diffuser,$215.00 ,350ml
,Peony & Blush Suede Home Candle,$75.00 ,200g
,Lime Basil & Mandarin Hand Cream,$35.00 ,50ml
ARCHIVE COLLECTION,Blue Agava & Cacao Cologne,$155.00 ,100ml
BESTSELLER,English Pear & Freesia Cologne,$110.00 ,50ml
,Blackberry & Bay Cologne,$155.00 ,100ml
,Red Roses Cologne,$155.00 ,100ml
,Blackberry & Bay Cologne,$80.00 ,30ml
,Mimosa & Cardamom Cologne,$80.00 ,30ml
NEW,Wild Bluebell Hand Cream,$35.00 ,50ml
BESTSELLER,Lime Basil & Mandarin Cologne,$80.00 ,30ml
,English Pear & Freesia Travel Candle,$38.00 ,65g
AWARD-WINNING,Lime Basil & Mandarin Exfoliating Shower Gel,$48.00 ,200ml
,Grapefruit Body & Hand Wash,$50.00 ,250ml
GREAT FOR GIFTS,Lavender & Moonflower Pillow Mist,$45.00 ,50ml
,Wood Sage & Sea Salt Body Crème,$90.00 ,175ml
BESTSELLER,Velvet Rose & Oud Cologne Intense,$220.00 ,100ml
,English Pear & Freesia Body Crème,$90.00 ,175ml
LIMITED EDITION,English Pear & Freesia Cologne – Fluted Bottle Edition,$155.00 ,100ml
BESTSELLER,Lime Basil & Mandarin Body & Hand Wash,$50.00 ,250ml
BESTSELLER,Oud & Bergamot Cologne Intense,$220.00 ,100ml
,Wood Sage & Sea Salt Body & Hand Wash,$28.00 ,100ml
,Red Roses Bath Oil,$32.00 ,30ml
BESTSELLER,Moonlit Camomile Cologne ,$155.00 ,100ml
